Player	Team	Gms	Rec	Yds	Avg	YPG	Lg	TD	FD	Tar	YAC
Tyreek Hill	MIA	10	81	1,148	14.17	114.8	64	4	52	106	350
Cooper Kupp	LA	9	75	812	10.83	90.2	75t	6	42	98	422
Stefon Diggs	BUF	9	72	985	13.68	109.4	53t	7	45	99	318
Justin Jefferson	MIN	9	69	1,060	15.36	117.8	64	4	43	100	392
Austin Ekeler	LAC	9	67	420	6.27	46.7	23	4	24	81	504
Travis Kelce	KC	9	63	740	11.75	82.2	46	8	48	84	309
Michael Pittman	IND	9	61	603	9.89	67.0	28	1	32	85	245
Davante Adams	LV	9	57	784	13.75	87.1	58t	8	34	99	306
Tyler Lockett	SEA	10	54	640	11.85	64.0	40t	5	32	71	143
CeeDee Lamb	DAL	9	53	706	13.32	78.4	35t	5	37	88	238
Christian Kirk	JAX	10	52	679	13.06	67.9	49	7	35	82	230
Jaylen Waddle	MIA	10	51	878	17.22	87.8	59	6	42	75	312
Mike Evans	TB	9	49	671	13.69	74.6	51	3	34	76	123
Amon-Ra St. Brown	DET	8	49	518	10.57	64.8	49	3	28	70	278
Chris Godwin	TB	8	48	475	9.90	59.4	44	1	23	73	232
D.K. Metcalf	SEA	10	48	581	12.10	58.1	54	4	28	77	135
Ja'Marr Chase	CIN	7	47	605	12.87	86.4	60t	6	34	74	273
Zach Ertz	ARI	10	47	406	8.64	40.6	32	4	24	69	130
Diontae Johnson	PIT	9	47	435	9.26	48.3	36	0	22	81	86
Zay Jones	JAX	9	47	417	8.87	46.3	22	1	25	65	160
Christian McCaffrey	CAR/SF	9	47	395	8.40	43.9	49	2	18	60	428
Chris Olave	NO	9	46	658	14.30	73.1	51	2	30	77	108
JuJu Smith-Schuster	KC	9	46	615	13.37	68.3	53	2	29	64	313
Curtis Samuel	WAS	9	45	455	10.11	50.6	49t	3	25	66	193
Brandon Aiyuk	SF	9	44	567	12.89	63.0	34t	4	26	62	236
Tyler Higbee	LA	9	44	385	8.75	42.8	26	0	19	65	259
A.J. Brown	PHI	8	43	718	16.70	89.8	54	6	30	69	273
Marquise Brown	ARI	6	43	485	11.28	80.8	26	3	24	64	159
Leonard Fournette	TB	10	43	315	7.33	31.5	25	3	15	50	358
Adam Thielen	MIN	9	43	467	10.86	51.9	36	2	29	64	95
Mark Andrews	BAL	8	42	488	11.62	61.0	25	5	29	64	145
Amari Cooper	CLE	9	42	585	13.93	65.0	55	5	32	69	122
T.J. Hockenson	DET/MIN	9	42	510	12.14	56.7	81	3	24	62	244
Garrett Wilson	NYJ	9	42	521	12.40	57.9	54	2	25	68	200
Tee Higgins	CIN	9	41	564	13.76	62.7	59t	3	25	58	176
Rondale Moore	ARI	7	41	414	10.10	59.1	38t	1	16	56	281
Courtland Sutton	DEN	9	41	533	13.00	59.2	51	1	24	73	106
Dallas Goedert	PHI	8	40	521	13.03	65.1	31	2	29	50	348
Jakobi Meyers	NE	7	40	457	11.43	65.3	30t	3	22	52	139
DeVonta Smith	PHI	8	40	442	11.05	55.2	45	2	24	53	185
Parris Campbell	IND	10	39	373	9.56	37.3	38	3	20	54	221
Alvin Kamara	NO	8	39	338	8.67	42.2	54	2	11	53	320
D.J. Moore	CAR	10	39	478	12.26	47.8	62t	3	24	77	128
Robert Tonyan	GB	10	39	323	8.28	32.3	23	1	13	47	172
Hayden Hurst	CIN	9	38	303	7.97	33.7	21	2	18	48	123
Drake London	ATL	10	38	407	10.71	40.7	31	3	24	62	120
Terry McLaurin	WAS	9	38	609	16.03	67.7	49t	2	26	62	235
Joe Mixon	CIN	9	38	272	7.16	30.2	35	2	11	50	310
Tyler Boyd	CIN	9	37	537	14.51	59.7	60t	4	25	49	186
Josh Palmer	LAC	8	37	390	10.54	48.8	45	1	20	58	151
Mike Williams	LAC	7	37	495	13.38	70.7	50	3	21	59	188
Brandin Cooks	HOU	8	36	391	10.86	48.9	44	1	16	60	101
Evan Engram	JAX	10	36	352	9.78	35.2	28	1	15	51	176
Pat Freiermuth	PIT	8	36	403	11.19	50.4	31	1	20	55	134
DeAndre Hopkins	ARI	4	36	396	11.00	99.0	33	2	18	46	81
Darnell Mooney	CHI	10	36	464	12.89	46.4	56	1	19	56	143
Chase Claypool	CHI/PIT	10	35	332	9.49	33.2	26	1	18	58	123
Donovan Peoples-Jones	CLE	9	35	516	14.74	57.3	42	0	20	55	98
Rhamondre Stevenson	NE	9	35	227	6.49	25.2	22	1	9	43	236
Gerald Everett	LAC	9	34	364	10.71	40.4	26	2	16	55	179
Aaron Jones	GB	10	34	228	6.71	22.8	22	3	12	42	240
David Njoku	CLE	7	34	418	12.29	59.7	38	1	22	42	222
Deebo Samuel	SF	8	34	411	12.09	51.4	57t	2	14	60	314
Tyler Conklin	NYJ	9	33	316	9.58	35.1	27	3	16	50	173
Allen Lazard	GB	8	33	472	14.30	59.0	47	5	26	55	177
Romeo Doubs	GB	9	31	314	10.13	34.9	26	3	12	50	155
Antonio Gibson	WAS	9	31	239	7.71	26.6	26	2	13	38	192
Josh Jacobs	LV	9	31	200	6.45	22.2	16	0	10	37	223
Noah Fant	SEA	10	30	306	10.20	30.6	51	1	13	38	175
Mack Hollins	LV	9	30	416	13.87	46.2	60	2	20	50	109
Jerry Jeudy	DEN	9	30	449	14.97	49.9	67t	3	21	55	215
Saquon Barkley	NYG	9	29	197	6.79	21.9	41	0	4	36	230
Russell Gage	TB	7	29	231	7.97	33.0	20	1	13	40	94
George Kittle	SF	7	29	340	11.72	48.6	34	2	15	41	168
George Pickens	PIT	9	29	370	12.76	41.1	36	1	19	47	64
Allen Robinson	LA	9	29	292	10.07	32.4	29	2	19	47	60
DeAndre Carter	LAC	9	28	346	12.36	38.4	35	2	20	38	107
Juwan Johnson	NO	10	28	302	10.79	30.2	41t	4	13	43	111
Marvin Jones	JAX	9	28	346	12.36	38.4	37	1	19	50	60
Devin Singletary	BUF	9	28	207	7.39	23.0	22	1	13	37	201
Rex Burkhead	HOU	9	27	159	5.89	17.7	15	1	7	35	159
J.D. McKissic	WAS	8	27	173	6.41	21.6	14	0	7	40	152
Noah Brown	DAL	8	26	342	13.15	42.8	45	1	16	42	90
Will Dissly	SEA	10	26	258	9.92	25.8	38t	3	15	28	150
Nyheim Hines	BUF/IND	9	26	197	7.58	21.9	22	0	8	30	158
Cade Otton	TB	9	26	281	10.81	31.2	35	1	13	35	118
Josh Reynolds	DET	7	26	357	13.73	51.0	31	2	17	42	90
Dalton Schultz	DAL	7	26	257	9.88	36.7	30	1	9	37	84
Bennett Skowronek	LA	9	26	245	9.42	27.2	32	0	10	39	109
Marquez Valdes-Scantling	KC	9	26	441	16.96	49.0	57	1	19	43	101
Michael Carter	NYJ	9	25	196	7.84	21.8	37	0	9	32	214
Greg Dortch	ARI	10	25	221	8.84	22.1	30	2	12	29	128
Devin Duvernay	BAL	9	25	318	12.72	35.3	31	3	16	33	110
Mecole Hardman	KC	8	25	297	11.88	37.1	36	4	14	34	160
Jerick McKinnon	KC	9	25	212	8.48	23.6	34	1	10	33	225
K.J. Osborn	MIN	9	25	220	8.80	24.4	28t	2	9	44	71
Alec Pierce	IND	9	25	396	15.84	44.0	47	1	18	42	69
Kyle Pitts	ATL	9	25	313	12.52	34.8	33	2	18	54	107
Eno Benjamin	ARI	10	24	184	7.67	18.4	22	0	10	33	222
Gabriel Davis	BUF	8	24	544	22.67	68.0	98t	5	19	47	121
Mike Gesicki	MIA	10	24	269	11.21	26.9	30	4	15	35	80
Kylen Granson	IND	10	24	233	9.71	23.3	32	0	13	31	120
Najee Harris	PIT	9	24	112	4.67	12.4	14	2	8	29	125
Dawson Knox	BUF	8	24	240	10.00	30.0	22	2	13	33	91
Isaiah McKenzie	BUF	8	24	219	9.13	27.4	28	3	14	35	76
Robert Woods	TEN	9	24	266	11.08	29.6	41	1	17	43	86
Olamide Zaccheaus	ATL	10	24	365	15.21	36.5	42	2	19	29	106
Nico Collins	HOU	7	23	354	15.39	50.6	58	1	15	40	87
Cole Kmet	CHI	10	23	274	11.91	27.4	50t	5	13	33	124
Kalif Raymond	DET	9	23	302	13.13	33.6	43	0	12	31	105
James Conner	ARI	7	22	139	6.32	19.9	21	0	5	27	170
Dalvin Cook	MIN	9	22	146	6.64	16.2	23	1	9	33	165
Travis Etienne	JAX	10	22	202	9.18	20.2	24	0	10	31	230
Dameon Pierce	HOU	9	22	126	5.73	14.0	16	1	6	27	154
Trent Sherfield	MIA	10	22	247	11.23	24.7	32	1	12	30	59
Irv Smith	MIN	7	22	168	7.64	24.0	17	2	9	33	86
Scott Miller	TB	8	21	170	8.10	21.2	23	0	7	34	26
Hunter Renfrow	LV	6	21	192	9.14	32.0	27	0	10	29	78
Melvin Gordon	DEN	9	20	184	9.20	20.4	24	0	10	27	170
Kareem Hunt	CLE	9	20	127	6.35	14.1	24	1	7	24	134
Richie James	NYG	9	20	191	9.55	21.2	16	0	9	26	51
Foster Moreau	LV	7	20	218	10.90	31.1	30	1	14	31	136
Rachaad White	TB	10	20	135	6.75	13.5	20	0	9	25	135
Corey Davis	NYJ	7	19	351	18.47	50.1	66t	2	17	34	59
Breece Hall	NYJ	7	19	218	11.47	31.1	79	1	8	31	171
Hunter Henry	NE	9	19	240	12.63	26.7	31t	1	13	28	74
Darius Slayton	NYG	8	19	327	17.21	40.9	54t	2	16	28	121
Randall Cobb	GB	6	18	257	14.28	42.8	40	0	12	26	135
Jauan Jennings	SF	8	18	220	12.22	27.5	44	0	12	28	115
Jarvis Landry	NO	5	18	205	11.39	41.0	40	0	7	27	38
Samaje Perine	CIN	9	18	126	7.00	14.0	15	1	4	22	132
Jonathan Taylor	IND	7	18	87	4.83	12.4	12	0	3	27	102
Kenneth Walker	SEA	9	18	103	5.72	11.4	23	0	3	24	142
Harrison Bryant	CLE	9	17	129	7.59	14.3	30	1	6	24	51
Clyde Edwards-Helaire	KC	9	17	151	8.88	16.8	25	3	11	23	144
Darrell Henderson	LA	9	17	102	6.00	11.3	15	0	5	22	110
Austin Hooper	TEN	9	17	191	11.24	21.2	23	0	11	25	50
Isaiah Likely	BAL	9	17	205	12.06	22.8	34	2	10	30	94
Chris Moore	HOU	8	17	241	14.18	30.1	52	2	9	27	145
Raheem Mostert	MIA	10	17	119	7.00	11.9	18	1	5	26	96
Tre'Quan Smith	NO	8	17	264	15.53	33.0	48	1	14	25	64
D'Andre Swift	DET	6	17	150	8.82	25.0	25	2	7	24	177
Daniel Bellinger	NYG	7	16	152	9.50	21.7	20	2	10	18	97
AJ Dillon	GB	10	16	99	6.19	9.9	12	0	3	25	87
Michael Gallup	DAL	6	16	170	10.63	28.3	27	1	9	30	40
Marquise Goodwin	SEA	8	16	217	13.56	27.1	23t	3	9	22	72
Derrick Henry	TEN	9	16	154	9.63	17.1	24	0	4	21	135
Deon Jackson	IND	9	16	121	7.56	13.4	22	0	5	17	126
Elijah Moore	NYJ	8	16	203	12.69	25.4	28	0	11	30	33
Demarcus Robinson	BAL	9	16	152	9.50	16.9	16	1	7	29	57
Jonnu Smith	NE	8	16	154	9.63	19.2	53	0	6	23	143
Michael Thomas	NO	3	16	171	10.69	57.0	21	3	13	22	21
Darren Waller	LV	5	16	175	10.94	35.0	31	1	9	24	47
Javonte Williams	DEN	4	16	76	4.75	19.0	13	0	4	22	118
Nelson Agholor	NE	8	15	227	15.13	28.4	44t	1	7	21	88
Rashod Bateman	BAL	6	15	285	19.00	47.5	75t	2	7	28	133
Marquez Callaway	NO	9	15	152	10.13	16.9	33	1	11	29	33
Dontrell Hilliard	TEN	8	15	146	9.73	18.2	31	3	7	20	141
David Montgomery	CHI	9	15	150	10.00	16.7	30	0	5	17	149
DeVante Parker	NE	8	15	321	21.40	40.1	43	1	13	28	78
Tony Pollard	DAL	9	15	134	8.93	14.9	46	0	6	25	139
Jaylen Warren	PIT	9	15	128	8.53	14.2	26	0	6	17	135
Jeffery Wilson	SF/MIA	10	15	136	9.07	13.6	16	1	5	21	101
Jordan Akins	HOU	7	14	231	16.50	33.0	46	1	10	18	152
Robby Anderson	CAR/ARI	10	14	202	14.43	20.2	75t	1	5	34	72
Kendrick Bourne	NE	8	14	167	11.93	20.9	41	0	9	19	49
Cameron Brate	TB	6	14	122	8.71	20.3	19	0	7	24	40
Noah Gray	KC	9	14	143	10.21	15.9	27	1	7	19	56
Terrace Marshall	CAR	7	14	244	17.43	34.9	43	1	12	25	98
Wan'Dale Robinson	NYG	5	14	127	9.07	25.4	17	1	8	18	69
Christian Watson	GB	7	14	195	13.93	27.9	58t	3	7	22	102
Mo Alie-Cox	IND	10	13	149	11.46	14.9	34	2	6	18	77
Treylon Burks	TEN	5	13	153	11.77	30.6	27	0	7	22	75
Nick Chubb	CLE	9	13	88	6.77	9.8	15	0	4	19	108
Greg Dulcich	DEN	4	13	193	14.85	48.2	39t	1	8	21	77
John Mundt	MIN	9	13	77	5.92	8.6	17	1	5	15	66
Colby Parkinson	SEA	10	13	172	13.23	17.2	36	1	8	16	102
Sterling Shepard	NYG	3	13	154	11.85	51.3	65t	1	4	24	55
Logan Thomas	WAS	6	13	106	8.15	17.7	27	1	6	23	39
Sammy Watkins	GB	6	13	206	15.85	34.3	55	0	9	20	64
Ameer Abdullah	LV	9	12	99	8.25	11.0	23	0	3	16	105
David Bell	CLE	9	12	124	10.33	13.8	20	0	4	16	35
Braxton Berrios	NYJ	9	12	69	5.75	7.7	13	0	4	17	51
Jahan Dotson	WAS	4	12	152	12.67	38.0	40	4	8	22	22
Ashton Dulin	IND	6	12	168	14.00	28.0	39	0	9	18	31
Zach Gentry	PIT	9	12	92	7.67	10.2	32	0	5	14	83
A.J. Green	ARI	8	12	66	5.50	8.2	10	1	6	25	12
Dante Pettis	CHI	10	12	176	14.67	17.6	51t	2	5	21	49
Ian Thomas	CAR	10	12	120	10.00	12.0	50	0	4	18	108
Nick Westbrook	TEN	9	12	257	21.42	28.6	63t	2	10	23	67
John Bates	WAS	8	11	84	7.64	10.5	20	0	3	17	50
Pharaoh Brown	CLE/HOU	8	11	106	9.64	13.2	30	0	5	18	71
Josiah Deguara	GB	10	11	106	9.64	10.6	25	0	4	12	60
Chase Edmonds	DEN/MIA	9	11	96	8.73	10.7	15	1	4	19	66
Damien Harris	NE	7	11	47	4.27	6.7	11	0	2	14	51
Khadarel Hodge	ATL	10	11	184	16.73	18.4	39	1	6	16	61
Mark Ingram	NO	8	11	46	4.18	5.8	11	0	2	12	55
Julio Jones	TB	5	11	178	16.18	35.6	48	2	9	21	77
Kyle Juszczyk	SF	8	11	153	13.91	19.1	35	0	7	15	112
James Robinson	JAX/NYJ	9	11	51	4.64	5.7	10	2	5	14	57
Miles Sanders	PHI	8	11	42	3.82	5.2	16	0	1	13	58
Laviska Shenault	CAR	6	11	141	12.82	23.5	67t	1	3	14	160
David Sills	NYG	8	11	106	9.64	13.2	24	0	7	17	40
Equanimeous St. Brown	CHI	10	11	164	14.91	16.4	30	1	8	25	52
Jamal Agnew	JAX	8	10	82	8.20	10.2	24	2	5	15	65
Kendall Hinton	DEN	7	10	170	17.00	24.3	35	0	6	12	67
Alec Ingold	MIA	10	10	83	8.30	8.3	17	1	4	12	66
Alexander Mattison	MIN	9	10	66	6.60	7.3	16	1	4	13	74
Ray Ray McCloud	SF	9	10	162	16.20	18.0	33	1	8	16	32
Brandon Powell	LA	9	10	74	7.40	8.2	16	0	3	12	78
Shi Smith	CAR	10	10	142	14.20	14.2	31	0	6	24	57
Adam Trautman	NO	8	10	116	11.60	14.5	22t	1	4	12	51
Tommy Tremble	CAR	10	10	99	9.90	9.9	29t	2	4	19	28
C.J. Uzomah	NYJ	8	10	82	8.20	10.2	27	0	3	11	59
Tyler Allgeier	ATL	9	9	78	8.67	8.7	25t	1	5	9	100
Michael Bandy	LAC	6	9	74	8.22	12.3	25	0	4	19	21
Phillip Dorsett	HOU	8	9	157	17.44	19.6	34	1	6	21	22
Kenyan Drake	BAL	7	9	45	5.00	6.4	15	1	5	11	71
Jake Ferguson	DAL	9	9	68	7.56	7.6	22	2	4	12	26
Peyton Hendershot	DAL	9	9	85	9.44	9.4	29	1	7	13	46
Tanner Hudson	NYG	9	9	122	13.56	13.6	27	0	7	14	59
Sony Michel	LAC	9	9	53	5.89	5.9	9	0	1	13	46
Zach Pascal	PHI	8	9	104	11.56	13.0	34t	1	6	10	70
Craig Reynolds	DET	8	9	116	12.89	14.5	36	0	5	10	112
Tyquan Thornton	NE	5	9	81	9.00	16.2	21	1	5	19	25
Jamaal Williams	DET	9	9	57	6.33	6.3	17	0	3	12	46
Brandon Bolden	LV	8	8	53	6.63	6.6	18t	1	2	8	27
Kenny Gainwell	PHI	8	8	45	5.63	5.6	11	0	2	12	44
Travis Homer	SEA	6	8	79	9.88	13.2	22	0	4	8	82
O.J. Howard	HOU	9	8	110	13.75	12.2	24	2	5	16	29
Latavius Murray	DEN/NO	5	8	41	5.13	8.2	14	0	0	10	57
Breshad Perriman	TB	8	8	101	12.63	12.6	28t	1	4	16	45
Kyle Philips	TEN	4	8	78	9.75	19.5	21	0	3	13	21
Patrick Ricard	BAL	9	8	60	7.50	6.7	19	0	1	9	55
Eric Saubert	DEN	9	8	95	11.88	10.6	25	1	4	15	40
Kadarius Toney	NYG/KC	4	8	69	8.63	17.2	23	1	4	10	47
Quez Watkins	PHI	8	8	113	14.13	14.1	53t	1	2	13	41
Avery Williams	ATL	10	8	35	4.38	3.5	10	0	1	9	54
Dan Arnold	JAX	10	7	113	16.14	11.3	26	0	4	8	74
Damiere Byrd	ATL	7	7	200	28.57	28.6	75t	2	6	14	79
D.J. Chark	DET	3	7	98	14.00	32.7	23	1	6	18	20
James Cook	BUF	9	7	96	13.71	10.7	41	0	2	12	65
D'Wayne Eskridge	SEA	10	7	58	8.29	5.8	16	0	4	13	46
Reggie Gilliam	BUF	9	7	57	8.14	6.3	14	1	3	9	44
KJ Hamler	DEN	7	7	165	23.57	23.6	55	0	3	14	23
JaMycal Hasty	JAX	10	7	23	3.29	2.3	15	0	1	10	42
Connor Heyward	PIT	9	7	76	10.86	8.4	45	0	2	8	49
Joshua Kelley	LAC	6	7	56	8.00	9.3	22	0	3	10	62
Tom Kennedy	DET	5	7	128	18.29	25.6	44	0	6	14	69
Tre' McKitty	LAC	9	7	49	7.00	5.4	12	0	0	13	30
Skyy Moore	KC	9	7	106	15.14	11.8	30	0	4	14	67
Zack Moss	BUF	5	7	27	3.86	5.4	8	0	1	8	29
Dare Ogunbowale	HOU	9	7	67	9.57	7.4	23	0	3	9	65
Chigoziem Okonkwo	TEN	9	7	141	20.14	15.7	48	1	6	13	87
Albert Okwuegbunam	DEN	5	7	50	7.14	10.0	12	0	2	11	39
Giovanni Ricci	CAR	10	7	68	9.71	6.8	16	0	2	8	48
Khalil Shakir	BUF	7	7	118	16.86	16.9	31	1	6	15	62
Geoff Swaim	TEN	9	7	43	6.14	4.8	13	1	3	10	26
Justin Watson	KC	9	7	113	16.14	12.6	41t	2	5	15	11
Cedrick Wilson	MIA	9	7	70	10.00	7.8	14	0	3	11	36
Jelani Woods	IND	9	7	79	11.29	8.8	33	3	6	13	21
Brock Wright	DET	9	7	90	12.86	10.0	25	1	5	8	60
Keenan Allen	LAC	2	6	77	12.83	38.5	42	0	3	6	20
Mike Boone	DEN	7	6	61	10.17	8.7	34	0	1	12	64
Matt Breida	NYG	9	6	54	9.00	6.0	15	0	3	8	43
Jamison Crowder	BUF	4	6	60	10.00	15.0	16	0	4	13	30
J.K. Dobbins	BAL	4	6	39	6.50	9.8	20	1	3	6	36
Ezekiel Elliott	DAL	7	6	32	5.33	4.6	31	0	2	8	45
Khalil Herbert	CHI	10	6	62	10.33	6.2	25t	1	2	7	73
Isaiah Hodgins	NYG/BUF	3	6	82	13.67	27.3	26	0	4	8	31
Marcus Johnson	NYG	6	6	63	10.50	10.5	18	0	3	16	26
Brevin Jordan	HOU	5	6	32	5.33	6.4	16	0	2	17	33
Phillip Lindsay	IND	3	6	19	3.17	6.3	7	0	0	8	11
Dax Milne	WAS	9	6	37	6.17	4.1	12	1	2	7	13
Quintin Morris	BUF	8	6	67	11.17	8.4	26	0	4	9	32
Chris Myarick	NYG	9	6	42	7.00	4.7	11	1	4	7	25
Josh Oliver	BAL	9	6	52	8.67	5.8	19	1	3	11	29
Cordarrelle Patterson	ATL	6	6	39	6.50	6.5	12	0	2	9	31
James Proche	BAL	7	6	53	8.83	7.6	12	0	3	8	11
Durham Smythe	MIA	9	6	50	8.33	5.6	14	0	3	9	20
Mitchell Wilcox	CIN	9	6	47	7.83	5.2	18	0	1	6	34
DeeJay Dallas	SEA	10	5	29	5.80	2.9	10	0	1	5	27
Parker Hesse	ATL	10	5	50	10.00	5.0	22	0	4	6	14
Justice Hill	BAL	7	5	27	5.40	3.9	10	0	1	5	26
Alexander Horvath	LAC	9	5	8	1.60	0.9	5	2	2	8	1
Chris Manhertz	JAX	10	5	21	4.20	2.1	12	0	1	6	15
Ronnie Rivers	LA	3	5	29	5.80	9.7	14	0	1	5	55
Armani Rogers	WAS	9	5	64	12.80	7.1	23	0	4	6	57
Rashid Shaheed	NO	5	5	103	20.60	20.6	53t	1	4	6	22
Cam Sims	WAS	9	5	58	11.60	6.4	21	0	3	12	19
Andre Baccellia	ARI	5	4	25	6.25	5.0	11	0	2	6	9
Cole Beasley	TB	2	4	17	4.25	8.5	5	0	1	5	10
Raheem Blackshear	CAR	6	4	40	10.00	6.7	27	0	1	4	41
Tyler Davis	GB	10	4	26	6.50	2.6	23	0	1	6	27
D'Onta Foreman	CAR	10	4	25	6.25	2.5	23	0	1	7	27
Joe Fortson	KC	8	4	25	6.25	3.1	10t	2	3	6	10
N'Keal Harry	CHI	3	4	44	11.00	14.7	17t	1	2	5	10
Justin Jackson	DET	9	4	18	4.50	2.0	8	1	1	6	21
Ko Kieft	TB	10	4	52	13.00	5.2	19	0	2	5	13
Jake Kumerow	BUF	6	4	64	16.00	10.7	39	0	4	7	17
Trey McBride	ARI	9	4	31	7.75	3.4	11	0	1	4	14
Denzel Mims	NYJ	3	4	92	23.00	30.7	63	0	3	9	56
James Mitchell	DET	6	4	26	6.50	4.3	14	1	3	4	17
Rashaad Penny	SEA	5	4	16	4.00	3.2	6	0	2	5	28
Brian Robinson	WAS	5	4	7	1.75	1.4	7	0	0	4	22
Amari Rodgers	GB	10	4	50	12.50	5.0	22	0	3	8	16
Jeff Smith	NYJ	9	4	57	14.25	6.3	23	0	3	6	28
Samori Toure	GB	4	4	75	18.75	18.8	37t	1	2	9	8
Jordan Wilkins	IND	2	4	15	3.75	7.5	9	0	0	5	26
Darrel Williams	ARI	6	4	9	2.25	1.5	6	0	0	8	15
Andrew Beck	DEN	8	3	59	19.67	7.4	27	0	2	6	38
Dyami Brown	WAS	7	3	111	37.00	15.9	75t	2	3	10	31
Keelan Cole	LV	6	3	42	14.00	7.0	18	0	3	11	16
Tevin Coleman	SF	4	3	44	14.67	11.0	30	1	2	3	20
Ross Dwelley	SF	9	3	105	35.00	11.7	56	1	3	5	43
Bryan Edwards	ATL	7	3	15	5.00	2.1	10	0	0	5	9
Ben Ellefson	MIN	4	3	26	8.67	6.5	12	0	2	3	11
Simi Fehoko	DAL	5	3	24	8.00	4.8	12	0	1	4	10
Anthony Firkser	ATL	5	3	39	13.00	7.8	22	0	2	4	10
Myles Gaskin	MIA	2	3	24	8.00	12.0	16	0	0	5	19
Ryan Griffin	CHI	8	3	24	8.00	3.0	18	0	1	6	9
Troy Hairston	HOU	9	3	12	4.00	1.3	5	0	0	4	6
C.J. Ham	MIN	9	3	21	7.00	2.3	12	0	2	5	26
Hassan Haskins	TEN	9	3	7	2.33	0.8	5	0	0	3	18
Taysom Hill	NO	9	3	16	5.33	1.8	11	1	2	5	12
Cody Hollister	TEN	9	3	54	18.00	6.0	27	0	2	5	8
Jesper Horsted	LV	9	3	19	6.33	2.1	9	0	0	4	6
Chuba Hubbard	CAR	8	3	11	3.67	1.4	7	0	0	4	19
Trenton Irwin	CIN	2	3	41	13.67	20.5	18	0	2	4	8
Van Jefferson	LA	3	3	27	9.00	9.0	19	1	3	8	4
D'Ernest Johnson	CLE	7	3	7	2.33	1.0	7	0	0	3	8
Velus Jones	CHI	5	3	24	8.00	4.8	10	1	2	5	33
Marcedes Lewis	GB	10	3	20	6.67	2.0	19	1	2	3	5
Ty Montgomery	NE	1	3	15	5.00	15.0	7	1	1	4	7
Isiah Pacheco	KC	9	3	13	4.33	1.4	12	0	1	3	28
Donald Parham	LAC	2	3	53	17.67	26.5	24	0	2	4	11
Byron Pringle	CHI	4	3	45	15.00	11.2	22	0	3	5	4
MyCole Pruitt	ATL	6	3	14	4.67	2.3	6	1	2	3	3
Jalen Reagor	MIN	9	3	10	3.33	1.1	7	1	1	5	15
Steven Sims	PIT	4	3	14	4.67	3.5	15	0	1	5	22
Jack Stoll	PHI	8	3	38	12.67	4.8	21	0	2	6	23
Mike Strachan	IND	9	3	59	19.67	6.6	23	0	3	8	13
Trent Taylor	CIN	9	3	19	6.33	2.1	9	0	0	3	18
Eric Tomlinson	DEN	9	3	37	12.33	4.1	16	0	2	6	17
Tylan Wallace	BAL	6	3	21	7.00	3.5	9	0	0	6	4
Montrell Washington	DEN	9	3	5	1.67	0.6	4	0	0	5	14
Derek Watt	PIT	9	3	7	2.33	0.8	5	1	1	3	5
Kyren Williams	LA	2	3	30	10.00	15.0	14	0	3	3	21
Cam Akers	LA	7	2	18	9.00	2.6	10	0	1	6	18
Kendall Blanton	LA	4	2	35	17.50	8.8	28	0	1	2	23
Malcolm Brown	LA	5	2	23	11.50	4.6	13	0	2	2	29
Spencer Brown	CAR	2	2	10	5.00	5.0	9	0	0	4	12
Michael Burton	KC	9	2	11	5.50	1.2	9	0	0	3	8
Lawrence Cager	NYJ/NYG	3	2	9	4.50	3.0	9t	1	1	4	11
Quintez Cephus	DET	4	2	15	7.50	3.8	9	0	1	3	4
Tyrie Cleveland	DEN	6	2	28	14.00	4.7	16	0	1	7	17
River Cracraft	MIA	7	2	13	6.50	1.9	11t	2	2	6	0
Jaelon Darden	TB	10	2	26	13.00	2.6	25	0	1	2	16
Malik Davis	DAL	4	2	18	9.00	4.5	10	0	2	2	17
Trestan Ebner	CHI	10	2	8	4.00	0.8	6	0	0	4	-1
Chris Evans	CIN	9	2	30	15.00	3.3	26	0	1	3	3
Luke Farrell	JAX	10	2	26	13.00	2.6	15	0	2	2	26
Kenny Golladay	NYG	5	2	22	11.00	4.4	15	0	1	8	9
Jalen Guyton	LAC	3	2	64	32.00	21.3	54	0	2	4	7
Deonte Harty	NO	4	2	13	6.50	3.2	9	0	0	2	8
Dennis Houston	DAL	2	2	16	8.00	8.0	11	0	0	6	6
Lil'Jordan Humphrey	NE	6	2	20	10.00	3.3	11	0	0	4	15
Keaontay Ingram	ARI	5	2	23	11.50	4.6	24	0	1	2	27
Andy Isabella	ARI	3	2	21	10.50	7.0	11	0	2	5	5
Jakob Johnson	LV	9	2	6	3.00	0.7	5	0	0	2	5
Ty Johnson	NYJ	9	2	10	5.00	1.1	6	0	0	6	7
Tim Jones	JAX	10	2	27	13.50	2.7	20	0	1	3	21
Tony Jones	NO	2	2	12	6.00	6.0	7	0	0	2	14
Keith Kirkwood	NO	2	2	18	9.00	9.0	14	0	1	2	4
Tyler Kroft	SF	4	2	15	7.50	3.8	9	0	0	3	3
Sean McKeon	DAL	5	2	11	5.50	2.2	10	0	1	3	7
Dezmon Patmon	IND	1	2	24	12.00	24.0	17	0	1	6	7
Kyle Rudolph	TB	5	2	20	10.00	4.0	12	0	1	4	3
Drew Sample	CIN	2	2	-2	-1.00	-1.0	2	0	0	2	0
Braylon Sanders	MIA	1	2	17	8.50	17.0	13	0	0	2	3
Mason Schreck	HOU	2	2	6	3.00	3.0	6	0	0	2	0
Anthony Schwartz	CLE	8	2	22	11.00	2.8	19	0	1	7	7
Stephen Sullivan	CAR	7	2	46	23.00	6.6	33	0	2	3	21
Mike Thomas	CIN	9	2	38	19.00	4.2	33	0	1	9	24
Cole Turner	WAS	3	2	23	11.50	7.7	18	0	1	7	7
Nick Vannett	NO	3	2	13	6.50	4.3	8	0	0	2	3
Kevin White	NO	5	2	74	37.00	14.8	64	0	2	5	68
Michael Woods	CLE	4	2	21	10.50	5.2	15	0	2	5	8
Maurice Alexander	DET	4	1	7	7.00	1.8	7	0	0	1	4
Stephen Anderson	ARI	10	1	2	2.00	0.2	2	0	0	2	0
Chatarius Atwell	LA	5	1	54	54.00	10.8	54	0	1	4	1
Miles Boykin	PIT	9	1	11	11.00	1.2	11	0	1	2	0
Grant Calcaterra	PHI	6	1	40	40.00	6.7	40	0	1	1	22
Jalen Camp	HOU	1	1	7	7.00	7.0	7	0	1	1	0
Keke Coutee	IND	5	1	20	20.00	4.0	20	0	0	1	8
Mike Davis	BAL	7	1	7	7.00	1.0	7	0	0	1	11
Demetric Felton	CLE	5	1	3	3.00	0.6	3	0	0	2	6
Jake Gervase	LA	9	1	12	12.00	1.3	12	0	1	1	6
Jared Goff	DET	9	1	5	5.00	0.6	5	0	0	1	5
Penny Hart	SEA	7	1	15	15.00	2.1	15	0	1	1	8
Justin Herbert	LAC	9	1	-8	-8.00	-0.9	-8	0	0	1	0
Brycen Hopkins	LA	6	1	11	11.00	1.8	11	0	0	3	7
DeSean Jackson	BAL	1	1	16	16.00	16.0	16	0	1	2	0
Tyron Johnson	HOU	2	1	8	8.00	4.0	8	0	0	1	10
Mason Kinsey	TEN	1	1	3	3.00	3.0	3	0	0	1	0
Elijah Mitchell	SF	2	1	-1	-1.00	-0.5	-1	0	0	2	4
Jason Moore	LAC	6	1	5	5.00	0.8	5	0	0	2	0
Jalen Nailor	MIN	7	1	13	13.00	1.9	13	0	1	1	0
Gunner Olszewski	PIT	8	1	4	4.00	0.5	4	0	0	1	7
Adam Prentice	NO	4	1	2	2.00	0.5	2	0	0	1	-1
Teagan Quitoriano	HOU	2	1	2	2.00	1.0	2t	1	1	1	0
Richard Rodgers	LAC	7	1	4	4.00	0.6	4	0	0	4	3
Boston Scott	PHI	6	1	2	2.00	0.3	2	0	0	1	0
Ihmir Smith-Marsette	CHI	6	1	15	15.00	2.5	15	0	0	4	5
Keith Smith	ATL	10	1	8	8.00	0.8	8	0	0	2	8
Tommy Sweeney	BUF	3	1	7	7.00	2.3	7	0	1	1	8
J.J. Taylor	NE	1	1	8	8.00	8.0	8	0	0	1	5
Jalen Tolbert	DAL	5	1	4	4.00	0.8	4	0	0	2	1
KaVontae Turpin	DAL	9	1	9	9.00	1.0	9	0	0	2	5
Ke'Shawn Vaughn	TB	8	1	11	11.00	1.4	11	0	1	2	12
Jalen Virgil	DEN	1	1	66	66.00	66.0	66t	1	1	1	40
Dwayne Washington	NO	9	1	7	7.00	0.8	7	0	0	1	6
Trevon Wesco	CHI	9	1	23	23.00	2.6	23	0	1	3	10
Russell Wilson	DEN	8	1	1	1.00	0.1	1	0	0	1	2
Zach Wilson	NYJ	6	1	2	2.00	0.3	2t	1	1	1	0
Juwann Winfree	GB	3	1	17	17.00	5.7	17	0	1	4	5
Bailey Zappe	NE	4	1	-6	-6.00	-1.5	-6	0	0	1	2
Shane Zylstra	DET	5	1	1	1.00	0.2	1t	1	1	2	0
Devin Asiasi	CIN	6	0	0	0.00	0.0	0	0	0	2	0
David Bakhtiari	GB	7	0	0	0.00	0.0	0	0	0	1	0
Tom Brady	TB	10	0	0	0.00	0.0	0	0	0	1	0
Chris Conley	TEN/HOU	4	0	0	0.00	0.0	0	0	0	3	0
Tanner Conner	MIA	9	0	0	0.00	0.0	0	0	0	3	0
Tyrion Davis-Price	SF	3	0	0	0.00	0.0	0	0	0	2	0
Gus Edwards	BAL	2	0	0	0.00	0.0	0	0	0	1	0
Miller Forristall	CLE	4	0	0	0.00	0.0	0	0	0	1	0
Feleipe Franks	ATL	7	0	0	0.00	0.0	0	0	0	2	0
Tanner Gentry	BUF	1	0	0	0.00	0.0	0	0	0	1	0
Josh Gordon	TEN	2	0	0	0.00	0.0	0	0	0	1	0
Danny Gray	SF	5	0	0	0.00	0.0	0	0	0	6	0
Trevor Lawrence	JAX	10	0	0	0.00	0.0	0	0	0	0	0
Stanley Morgan	CIN	7	0	0	0.00	0.0	0	0	0	1	0
Jeremy Ruckert	NYJ	5	0	0	0.00	0.0	0	0	0	1	0
Noah Togiai	PHI	2	0	0	0.00	0.0	0	0	0	1	0
Jake Tonges	CHI	3	0	0	0.00	0.0	0	0	0	1	0
Charlie Woerner	SF	9	0	0	0.00	0.0	0	0	0	2	0
